name,main_category,image,ratings,no_of_ratings,actual_price
Swatch New Gent Gohan X Quartz Watch,Mens Watches,https://m.media-amazon.com/images/I/61SRVPn+-wL._AC_UL320_.jpg,5.0,2.0,22122.0
HMTr-8082-BLUE Day and Date Analogue Watch for Men,Mens Watches,https://m.media-amazon.com/images/I/51KlOaDXgtL._AC_UL320_.jpg,4.0,1.0,1599.0
ENDEAVOUR Analogue Quartz Black Color Rubber and Magnet Belt Watch for Boy's and Men's and Woman's and Girl's.,Mens Watches,https://m.media-amazon.com/images/W/IMAGERENDERING_521856-T2/images/I/61LjRdueWHL._AC_UL320_.jpg,3.4,17.0,799.0
DAINTY Men's and Boy's Quartz Watch with Analogue Display and Stainless Steel Strap -GP-15204,Mens Watches,https://m.media-amazon.com/images/I/51ZHMJM-8oL._AC_UL320_.jpg,3.1,67.0,999.0
ADAMO Enchant Men's & Women's Watch BG-2468,Mens Watches,https://m.media-amazon.com/images/I/71DEY3swwML._AC_UL320_.jpg,5.0,3.0,1995.0
GUESS Men's 48MM Crystal Embellished Analog Watch,Mens Watches,https://m.media-amazon.com/images/I/A1+6+BOpVRL._AC_UL320_.jpg,4.6,1347.0,20780.72
SS Collection Analogue Men's Watch (White Dial),Mens Watches,https://m.media-amazon.com/images/W/IMAGERENDERING_521856-T1/images/I/61pDm0Q44RL._AC_UL320_.jpg,3.4,161.0,1200.0
Fashion Men Digital Sport Waterproof Alarm Clock LED Display Countdown Wristwatch,Mens Watches,https://m.media-amazon.com/images/W/IMAGERENDERING_521856-T2/images/I/61A9Ve51lDL._AC_UL320_.jpg,4.1,81.0,8055.0
Sonata Analog White Dial Men's Watch -NJ7987YL02W,Mens Watches,https://m.media-amazon.com/images/W/IMAGERENDERING_521856-T2/images/I/61iXLRKOloL._AC_UL320_.jpg,4.0,25.0,1398.0
Pappi Boss Haunt Sports Digital Men's Watch (Black) - Pack of 2,Mens Watches,https://m.media-amazon.com/images/I/817Y3DZgfbL._AC_UL320_.jpg,2.8,16.0,899.0
Maa creation White Bangle and White Dial and Brown Belt Analogue Couple's Watch for Men and Women,Mens Watches,https://m.media-amazon.com/images/W/IMAGERENDERING_521856-T1/images/I/71PFOU--caL._AC_UL320_.jpg,4.0,4.0,999.0
PAPIO Day and Date Leather and Metal Strap Black Color Women's and Men's Watches for Couple - CPL1019-34,Mens Watches,https://m.media-amazon.com/images/W/IMAGERENDERING_521856-T1/images/I/91qJW7jzRML._AC_UL320_.jpg,5.0,4.0,999.0
PAPIO Analog-Digital Sport Watch for Boy's and Men's Watch,Mens Watches,https://m.media-amazon.com/images/W/IMAGERENDERING_521856-T1/images/I/71+02MHLACL._AC_UL320_.jpg,5.0,1.0,1999.0
Joker & Witch Eleanor & Park Couple Watch Gift Set for Men and Women,Mens Watches,https://m.media-amazon.com/images/I/71sbG+04lrL._AC_UL320_.jpg,5.0,1.0,6899.0
